"General.Location","n","longitude","latitude"
"Lot G3",507,-93.6227301,42.0493019
"Armory Building",329,-93.6509474,42.029626
"Friley Hall",238,-93.65045,42.0239234
"Frederiksen Court",190,-93.6440878,42.0340306
"Memorial Union",156,-93.6459454,42.0236502
"Larch Hall",145,-93.6382868,42.0232779
"Parks Library",138,-93.6488141,42.0281254
"Buchanan Hall",135,-93.642449,42.022653
"Helser Hall",123,-93.6518379,42.02424
"Wilson Hall",110,-93.651021,42.0139143
"Lot 63",109,-93.6367573,42.0239698
"Lot G2",96,-93.6363807,42.010106
"119 Stanton Avenue",91,-93.6489377,42.0219747
"Wallace Hall",90,-93.6499279,42.0142261
"Mortensen Road and State Avenue",89,-93.6589323,42.0118849
"Willow Hall",89,-93.6377325,42.0239136
"Knapp Street and Welch Avenue",83,-93.6500882,42.0191138
"Lincoln Way and Sheldon Avenue",77,-93.6542392,42.0227224
"Maple Hall",77,-93.6387491,42.023654
"Hayward Avenue and Lincoln Way",74,-93.6517059,42.0228461
"Hyland Avenue and Lincoln Way",70,-93.6555907,42.0227264
"University Village",70,-93.6441672,42.0427435
"Hayward Avenue and Knapp Street",69,-93.6517339,42.0191154
"Linden Hall",69,-93.6403252,42.0231404
"Lied Recreation Center",66,-93.6372142,42.0267276
"Beach Avenue and Lincoln Way",65,-93.639494,42.022655
"Ash Avenue and Lincoln Way",61,-93.64441,42.0226961
"Lincoln Way and State Avenue",57,-93.6591203,42.0227266
"100 block of Welch Avenue",55,-93.6501392,42.02272
"Ames Intermodal Facility",54,-93.6523433,42.0210166
"Lincoln Way and University Boulevard",51,-93.6332661,42.0228746
"South 16th Street and University Boulevard",51,-93.6337562,42.0114627
"Martin Hall",50,-93.6529424,42.0238665
"State Gymnasium",50,-93.6538021,42.0246748
"Lincoln Way and Welch Avenue",48,-93.6501393,42.0227328
"Schilletter Village",48,-93.6419526,42.0440492
"Campus Avenue and Lincoln Way",47,-93.6570426,42.0227269
"Hayward Avenue and Mortensen Road",47,-93.6516786,42.0118612
"Chamberlain Street and Welch Avenue",46,-93.6501941,42.0214439
"Chamberlain Street and Stanton Avenue",45,-93.6484903,42.0214258
"Eaton Hall",44,-93.6528168,42.0245839
"Lincoln Way and Lynn Avenue",40,-93.6464086,42.0227244
"Ash Avenue and Knapp Street",39,-93.6443655,42.019142
"Birch Hall",38,-93.6417417,42.0237087
"Knapp Street and Stanton Avenue",38,-93.6485073,42.0191298
"Lincoln Way and Stanton Avenue",37,-93.6485139,42.0227359
"Welch Hall",37,-93.6420811,42.0236532
"Knapp Street and Lynn Avenue",36,-93.6463784,42.019148
"Lot 61A",36,-93.6483506,42.0124764
"State Gym",36,-93.6536049,42.0250759
"1400 South 4th Street",34,-93.628037,42.016425
"Carver Hall",34,-93.648337,42.0252611
"Storm Street and Welch Avenue",34,-93.6500563,42.0161339
"Chamberlain Street and Lynn Avenue",33,-93.6464356,42.0215381
"Franklin Avenue and Lincoln Way",33,-93.6647899,42.0228024
"Chamberlain Street and Hayward Avenue",32,-93.6517204,42.0214474
"Hayward Avenue and Storm Street",32,-93.6516926,42.0161435
"Lot 61B",32,-93.6483675,42.0135352
"Lot S7",32,-93.6331516,42.0140523
"Memorial Union Parking Ramp",32,-93.6449075,42.0234906
"Union Drive Community Center",32,-93.6515007,42.0249565
"Hyland Avenue and West Street",31,-93.6556457,42.0253446
"Jack Trice Stadium",31,-93.635664,42.016144
"Armory",30,-93.6509474,42.029626
"Beach Road and Lincoln Way",30,-93.6394928,42.0227678
"Gilman Hall",30,-93.6486442,42.0294215
"Hunt Street and Welch Avenue",29,-93.6501239,42.0202787
"Little Street and Welch Avenue",29,-93.650078,42.0176185
"Lot 85E",29,-93.6344334,42.0157296
"Sweeney Hall",29,-93.6509194,42.0278127
"13th Street and Stange Road",28,-93.620521,42.034189
"Ash Avenue and Gable Lane",28,-93.6444023,42.0214733
"Lincoln Way and Union Drive",28,-93.64278,42.0226914
"Lot 62",28,-93.6431646,42.0217945
"Roberts Hall",28,-93.6425636,42.0239302
"South 4th Street and University Boulevard",28,-93.63108,42.016262
"400 block of Welch Avenue",27,-93.6500882,42.0191138
"Hayward Avenue and Hunt Street",27,-93.6517575,42.0201314
"Lot C6",27,-93.6347647,42.0167821
"Mortensen Road and Seagrave Boulevard",27,-93.6713608,42.0120265
"Arbor Street and South Sheldon Avenue",26,-93.6542412,42.0209168
"Lincoln Way and Wilmoth Avenue",26,-93.6615998,42.0227611
"Student Services Building",26,-93.6501447,42.0253226
"Geoffroy Hall",25,-93.6423896,42.0225449
"Hilton Coliseum",25,-93.635074,42.022693
"Lincoln Way and Marshall Avenue",25,-93.6689375,42.0229021
"Lot B5",25,-93.6365052,42.0178088
"Veterinary Medicine",25,-93.633833,42.006383
"Jack Trice Football Stadium",24,-93.6357716,42.0139977
"Sheldon Avenue and West Street",24,-93.6543018,42.0253597
"100 block of Stanton Avenue",23,-93.6485138,42.0227307
"Arbor Street and State Avenue",23,-93.6591238,42.0209091
"Coover Hall",23,-93.6508836,42.0283592
"Lyon Hall",23,-93.6424864,42.0245055
"100 block of Campus Avenue",22,-93.6570426,42.0227322
"200 block of Welch Avenue",22,-93.6501941,42.0214439
"Lot S6",22,-93.6333696,42.0132547
"Ross Hall",22,-93.644204,42.0266305
"300 block of Stanton Avenue",21,-93.6481458,42.0202997
"Forker Building",21,-93.6403143,42.0268097
"Gray Avenue and Lincoln Way",21,-93.6420308,42.0226885
"Lincoln Way and Welch Road",21,-93.6501393,42.0227328
"Lot C5",21,-93.634768,42.0177172
"Scheman Building",21,-93.6367398,42.021491
"140 Lynn Avenue",20,-93.6458095,42.0212625
"2600 block of Lincoln Way",20,-93.6517229,42.0227346
"Gray Avenue and Sunset Drive",20,-93.6411862,42.0212956
"Lincoln Way and Morrill Road",20,-93.6464078,42.0228283
"Lot 1",20,-93.6540123,42.0236158
"Lot S5",20,-93.633969,42.0126321
"100 block of Hayward Avenue",19,-93.6517049,42.0227335
"ARMORY BUILDING",19,-93.6509474,42.029626
"Ash Avenue and Sunset Drive",19,-93.6443636,42.0201199
"Freeman Hall",19,-93.6416614,42.0247633
"Gerdin Business Building",19,-93.6444688,42.0254011
"Mortensen Road and South Dakota Avenue",19,-93.6786567,42.0120839
"Pearson Hall",19,-93.6498675,42.0260288
"Union Drive and Welch Road",19,-93.649224,42.0239964
"100 block of Hyland Avenue",18,-93.6555855,42.0226467
"Kildee Hall",18,-93.6438587,42.0295129
"Lagomarcino Hall",18,-93.6456391,42.0297367
"Lot 29",18,-93.6494938,42.032232
"Lot G6",18,-93.6420154,42.0237318
"Lot S4",18,-93.6348588,42.0120423
"Lot S8",18,-93.6334165,42.0148466
"Agronomy Hall",17,-93.6423456,42.0283477
"Bissell Road and Union Drive",17,-93.6518976,42.0253625
"Elm Hall",17,-93.6403311,42.0251392
"Hayward Avenue and Mortensen Parkway",17,-93.6516786,42.0118612
"Lot 112",17,-93.6464654,42.0266187
"Mortensen Parkway and University Boulevard",17,-93.6393859,42.0083324
"2229 Lincoln Way",16,-93.6456354,42.0235144
"2700 block of Lincoln Way",16,-93.6545215,42.022377
"Ames Intermodel Facility",16,-93.6523433,42.0210166
"Beach Road and Richardson Court",16,-93.639189,42.02383
"Lot 61",16,-93.6483506,42.0124764
"University VIllage",16,-93.6441672,42.0427435
"200 block of Stanton Avenue",15,-93.648229,42.021222
"Beyer Hall",15,-93.6529169,42.0259395
"College of Design",15,-93.6531506,42.0285641
"Curtiss Hall",15,-93.6448628,42.0261821
"East Campus Parking Deck",15,-93.6523433,42.0210166
"Gable Lane and Gray Avenue",15,-93.6420176,42.0214957
"Hawthorn Court Drive and Stange Road",15,-93.64473,42.0338708
"Hoover Hall",15,-93.6511839,42.0266539
"Lettie Street and State Avenue",15,-93.6591273,42.0214744
"Lot B4",15,-93.6366017,42.0186242
"LOT G3",15,-93.6227301,42.0493019
"Arboretum",14,-93.6387303,42.011617
"Beardshear Hall",14,-93.6484405,42.0261746
"Beyer Court and Union Drive",14,-93.6507255,42.0251486
"Campus Avenue and West Street",14,-93.6570365,42.0253277
"Howe Hall",14,-93.6528316,42.0269191
"Maple-Willow-Larch Commons",14,-93.6382459,42.0237874
"Science II",14,-93.6463454,42.0300878
"2100 block of Lincoln Way",13,-93.6398183,42.0223729
"Arbor Street and South Hyland Avenue",13,-93.6555561,42.0209196
"Black Engineering Building",13,-93.6513617,42.0260459
"Hyland Avenue and Pammel Drive",13,-93.6556552,42.0296034
"Knapp Street and South Sheldon Avenue",13,-93.6541251,42.0191402
"Lake LaVerne",13,-93.6479874,42.0237049
"Lot 21",13,-93.651571,42.0297193
"Lot 59A",13,-93.6535564,42.0234382
"Lot S3",13,-93.6348588,42.0120423
"Oak Hall",13,-93.6399695,42.0251247
"Sheldon Avenue and Union Drive",13,-93.6543018,42.0253597
"2500 block of Chamberlain Street",12,-93.6500819,42.0214429
"Alumni Center",12,-93.6387083,42.0181584
"Central Campus",12,-93.6464654,42.0266187
"Haber Road and University Boulevard",12,-93.6387948,42.0299502
"Knapp Street and Sheldon Avenue",12,-93.6541251,42.0191402
"Lot 112J",12,-93.6425231,42.0349269
"Physics Hall",12,-93.6472746,42.0295226
"13th Street and Hyland Avenue",11,-93.6556846,42.0287518
"35 Frederiksen Court",11,-93.6421508,42.0347532
"Beach Road and Wallace Road",11,-93.6479915,42.0083895
"Bessey Hall",11,-93.644629,42.0284863
"Bruner Drive and Stange Road",11,-93.6448075,42.0389323
"Hamilton Hall",11,-93.6420985,42.0275353
"Highway 30 and South Dakota Avenue",11,-93.6387198,42.0030346
"Lincoln Way and South Riverside Drive",11,-93.6296177,42.0228334
"Lot 112A",11,-93.6431428,42.0349871
"Lot 59D",11,-93.6510118,42.0235902
"Lot G4",11,-93.6286452,42.0096516
"Lot G7",11,-93.6420154,42.0237318
"South Dakota Avenue and Steinbeck Street",11,-93.6786731,42.0145902
"Union Drive and Wallace Road",11,-93.6441141,42.0247932
"2400 block of Chamberlain Street",10,-93.648499,42.0214259
"2400 block of Lincoln Way",10,-93.6485946,42.0225662
"300 block of Welch Avenue",10,-93.6497151,42.0200666
"400 block of Hayward Avenue",10,-93.6517337,42.0191004
"500 block of Welch Avenue",10,-93.650078,42.0176185
"Bissell Road and Osborn Drive",10,-93.6518898,42.0288877
"Chamberlain Place and Chamberlain Street",10,-93.650953,42.0214521
"Chamberlain Place and Hunt Street",10,-93.6509256,42.0202731
"Durham Center",10,-93.6498289,42.0276599
"Hunt Street and South Sheldon Avenue",10,-93.6542234,42.0201273
"Lincoln Way and North Dakota Avenue",10,-93.6786888,42.0230153
"Lot 100",10,-93.6377706,42.0258047
"Lot B6",10,-93.6365107,42.0167789
"MacKay Hall",10,-93.6465403,42.0285999
"Maple-Willow-Larch",10,-93.6382459,42.0237874
"Marston Hall",10,-93.6498445,42.0267965
"Morrill Road and Union Drive",10,-93.6467417,42.0247336
"Mortensen Parkway and Welch Road",10,-93.649344,42.0118567
"South 4th Street and Beach Avenue",10,-93.63915,42.016289
"University Boulevard and Wallace Road",10,-93.6415414,42.0305048
"100 block of Sheldon Avenue",9,-93.65443,42.0217676
"300 block of Lynn Avenue",9,-93.645878,42.0202902
"Barton Hall",9,-93.6416296,42.0241903
"Beach Avenue and Sunset Drive",9,-93.6394759,42.0214033
"Hawthorn Court Drive",9,-93.643986,42.0338685
"Hayward Avenue and Little Street",9,-93.6517124,42.0176158
"Howard Avenue and Lincoln Way",9,-93.6584515,42.0227284
"Lot 112B",9,-93.6435978,42.0324968
"Lot G5",9,-93.6286452,42.0096516
"Memorial Union Ramp",9,-93.6449075,42.0234906
"Music Hall",9,-93.6482276,42.0246423
"South Dakota Avenue and US Highway 30",9,-93.6387198,42.0030346
"100 block Stanton Avenue",8,-93.6485138,42.0227307
"200 block of Sheldon Avenue",8,-93.6543157,42.0261159
"Ash Avenue and Mortensen Parkway",8,-93.646758,42.0113047
"Atanasoff Hall",8,-93.6495713,42.0281363
"Bissell Road and Pammel Drive",8,-93.6518944,42.030401
"Black Engineering",8,-93.6513617,42.0260459
"Catt Hall",8,-93.6456974,42.0278902
"Center Drive and University Boulevard",8,-93.6373052,42.0294788
"Coconino Road and Mortensen Road",8,-93.6762975,42.0120724
"Colorado Avenue and Lincoln Way",8,-93.6630057,42.0227752
"Design College",8,-93.6531506,42.0285641
"Foutainview Apartments",8,-93.6713803,42.0112352
"Hunt Street and Sheldon Avenue",8,-93.6542234,42.0201273
"Lake Laverne",8,-93.6479874,42.0237049
"Lincoln Way and South Dakota Avenue",8,-93.6787027,42.0229015
"Lincoln Way and South Sheldon Avenue",8,-93.6542392,42.0227224
"Lincoln Way and South Wilmoth Avenue",8,-93.6615998,42.0227611
"Lot 112N",8,-93.637297,42.0327745
"Lot 3",8,-93.6539354,42.0264782
"Lot 59E",8,-93.64992,42.0236716
"Lot A3",8,-93.6377976,42.0177136
"Lot C4",8,-93.6347608,42.0186377
"Molecular Biology",8,-93.6496746,42.0311093
"Mortensen Road and Pinon Drive",8,-93.6749317,42.0120645
"Stanton Avenue and Storm Street",8,-93.6484915,42.0161265
"University Bookstore",8,-93.6453763,42.0231853
"University Village Laundry Mat",8,-93.642113,42.041253
"Wallace Wilson Commons",8,-93.6504798,42.0140126
"1732-2 South 4th Street",7,-93.6345331,42.0162157
"24th Street and Stange Road",7,-93.6447879,42.0454223
"36 Frederiksen Court",7,-93.6412736,42.0353215
"520 Morrill Road",7,-93.6479232,42.026185
"Baker Street and Lynn Avenue",7,-93.6463639,42.0179401
"Baker Street and Stanton Avenue",7,-93.6484826,42.0179299
"Food Sciences Building",7,-93.6425228,42.0268836
"Grand Avenue and Lincoln Way",7,-93.6201078,42.0229238
"Hub",7,-93.6484556,42.0272385
"Hyland Avenue and Ontario Street",7,-93.6556493,42.0345655
"Lebaron Hall",7,-93.6475244,42.0283786
"LeBaron Hall",7,-93.6475244,42.0283786
"Lot 10",7,-93.6538945,42.0296641
"Lot 112F",7,-93.6394036,42.0323037
"Lot 22",7,-93.650891,42.0301813
"Lot 59F",7,-93.6521476,42.0238811
"Lot 61C",7,-93.6493851,42.0152891
"Lot 79",7,-93.6418441,42.0308247
"Lot A2",7,-93.6377863,42.0186104
"Lot B3",7,-93.6365568,42.0192735
"Pammel Drive and Stange Road",7,-93.6446613,42.030518
"Pammel Drive and WOI Road",7,-93.6502722,42.0305197
"Southwest Athletic Complex",7,-93.6571453,42.0163142
"Thielen Student Health Center",7,-93.6538928,42.0257585
"200 block of Hayward Avenue",6,-93.6517204,42.0214471
"2401 Chamberlain Street",6,-93.6487397,42.021556
"2500 block of Mortensen Road",6,-93.6494426,42.0118551
"400 block of Stanton Avenue",6,-93.6485071,42.0191178
"62 Frederiksen Court",6,-93.640536,42.0332645
"809 Wheeler Street",6,-93.6220177,42.054808
"Ann Campbell Transit Station",6,-93.6464654,42.0266187
"Arbor Street and Sheldon Avenue",6,-93.6542412,42.0209168
"Beach Avenue and Greeley Street",6,-93.6394602,42.0200608
"Beedle Drive and Lincoln Way",6,-93.6732368,42.0228615
"Bruner Drive and Long Road",6,-93.6434976,42.0390504
"Daley Drive and Stange Road",6,-93.64473,42.0338708
"Design Building",6,-93.6119066,42.0253648
"Dotson Drive and Mortensen Road",6,-93.6736251,42.0120505
"Farmhouse Lane",6,-93.6437128,42.0272173
"HELSER HALL",6,-93.6518379,42.02424
"Highway 30 and University Boulevard",6,-93.6464654,42.0266187
"Hilltop Road and Tripp Street",6,-93.6634289,42.0201153
"Hyland Avenue and Oakland Street",6,-93.6557031,42.0280325
"Hyland Avenue and Ross Road",6,-93.6556243,42.033296
"Hyland Avenue and Wood Street",6,-93.655592,42.0221438
"Lincoln Way and South Oak Avenue",6,-93.6238118,42.0228778
"Lot 50B",6,-93.6417187,42.0259655
"Lot 61G",6,-93.6513872,42.0137256
"Lot 89",6,NA,NA
"Mayfield Drive and Seagrave Boulevard",6,-93.6715029,42.0112358
"Morrill Hall",6,-93.648036,42.0272456
"Osborn Drive",6,-93.6463504,42.0288803
"Pearson Avenue and Sunset Drive",6,-93.6427194,42.0206123
"Reiman Gardens",6,-93.6385732,42.0106058
"South 16th Street and Apple Place",6,-93.6266644,42.0085095
"South 4th Street",6,-93.6267181,42.0192005
"South Dakota Avenue and Todd Drive",6,-93.6787042,42.0212118
"Southwest Recreation Complex",6,-93.6571453,42.0163142
"Stange Road and University Boulevard",6,-93.6446613,42.030518
"Town Engineering",6,-93.65265,42.0295468
"Troxel Hall",6,-93.6440411,42.0277898
"University Village Laundry",6,-93.642113,42.041253
"Various Locations",6,NA,NA
NA,6,NA,NA
"100 block of North Sheldon Avenue",5,-93.65443,42.0217676
"1100 block of Duff Avenue",5,-93.6105962,42.032041
"119 STANTON AVE",5,-93.6489377,42.0219747
"200 block of Ash Avenue",5,-93.6440787,42.0212034
"200 block of Campus Avenue",5,-93.6570365,42.0253277
"200 block of Chamberlain Place",5,-93.6481878,42.0212295
"2200 block of Lincoln Way",5,-93.644527,42.0226921
"2800 block of Lincoln Way",5,-93.6556634,42.0225705
"3300 block of Lincoln Way",5,-93.6615998,42.0227611
"42 Frederiksen Court",5,-93.6422748,42.0332422
"6th Street and University Boulevard",5,-93.633501,42.027804
"72 Frederiksen Court",5,-93.6392405,42.0332064
"Ash Avenue and Storm Street",5,-93.6443375,42.0161236
"Beach Avenue and Center Drive",5,-93.6394539,42.0195934
"Blankenburg Drive and Stange Road",5,-93.6448338,42.0415899
"Carrie Lane Court",5,-93.6418517,42.0244726
"Delaware Avenue and North Dakota Avenue",5,-93.6788195,42.0279736
"Disc Golf Course",5,-93.6385639,42.0358248
"Elings Hall",5,-93.6526658,42.0274371
"Gateway Hills Park Drive and Mortensen Parkway",5,-93.649344,42.0118567
"Gateway Hills Park Drive and Mortensen Road",5,-93.649344,42.0118567
"Haber Road and North University Boulevard",5,-93.6387948,42.0299502
"Hach Hall",5,-93.6496834,42.0301324
"Intermodal Facility",5,-93.6523433,42.0210166
"Ironwood Court and University Boulevard",5,-93.6393197,42.0058418
"Legacy Tower",5,-93.6489377,42.0219747
"Lettie Street and Manning Avenue",5,-93.6598559,42.021492
"Little Bluestem Court and Mortensen Parkway",5,-93.6455416,42.0094264
"Lot 112C",5,-93.6422034,42.0323555
"Lot 112G",5,-93.6395589,42.0340924
"Lot 23",5,-93.6502695,42.0296777
"Lot 25",5,-93.6492324,42.0297276
"Lot 28",5,-93.6495783,42.0319068
"Lot 36",5,-93.6467188,42.0297736
"Lot 38",5,NA,NA
"Lot 54",5,NA,NA
"Lot 67",5,-93.6408776,42.0251136
"Lot 72A",5,-93.6451625,42.022933
"Lot 93",5,-93.6346687,42.0080731
"Lot D3",5,-93.6332267,42.0177403
"MEMORIAL UNION",5,-93.6459454,42.0236502
"Morrill Road and Pammel Drive",5,-93.6479589,42.0305165
"North University Boulevard and Wallace Road",5,-93.6415414,42.0305048
"Osborn Drive and Wallace Road",5,-93.6415098,42.0288854
"Pammel Drive and Winlock Road",5,-93.6459659,42.0305128
"South Franklin Avenue and Tripp Street",5,-93.6647488,42.0201257
"State Avenue and Wood Street",5,-93.6591259,42.0221357
"Sukup Hall",5,-93.6532914,42.0276286
"100 block Welch Avenue",4,-93.6501392,42.02272
"106 University Village",4,-93.6432883,42.0395243
"13th Street and Crescent Street",4,-93.6287633,42.0353829
"171 University Village",4,-93.643191,42.0420562
"1732-2 S. 4th Street",4,-93.6345331,42.0162157
"200 block of Hyland Avenue",4,-93.6556457,42.0253446
"2129 Hawthorn Court Drive",4,-93.6429145,42.0339213
"223 Welch Avenue",4,-93.6504623,42.0204388
"2300 block of Knapp Street",4,-93.6463997,42.0191478
"2300 block of Storm Street",4,-93.6463782,42.0161188
"24 Frederiksen Court",4,-93.6435922,42.0327685
"2500 block of Knapp Street",4,-93.6500882,42.0191138
"2500 block of Lincoln Way",4,-93.6506776,42.0223672
"2508 Mortensen Road",4,-93.6502665,42.0110798
"2519 Chamberlain Street",4,-93.651538,42.021589
"2532 Union Drive",4,-93.6513638,42.0253616
"3800 Lincoln Way",4,-93.669771,42.0216985
"3920 Maricopa Drive",4,-93.6701672,42.0080064
"4100 block of Maricopa Drive",4,-93.6721876,42.0082125
"4130 Maricopa Drive",4,-93.6726793,42.0077565
"4510 Mortensen Road",4,-93.6797113,42.0116104
"4912 Mortensen Road",4,-93.6874795,42.012714
"53 Frederiksen Court",4,-93.6387859,42.033801
"71 Frederiksen Court",4,-93.6398095,42.0330842
"Beach Avenue and Kildee Street",4,-93.6394261,42.0175974
"Bissell Road",4,-93.6518972,42.0277214
"Clemens Boulevard and South Dakota Avenue",4,-93.678692,42.0179285
"Dickinson Avenue and Mortensen Road",4,-93.6818028,42.0122632
"Enrollment Services Center",4,-93.6491504,42.0251021
"Forest Hills Drive and Hyland Avenue",4,-93.6556793,42.0305867
"FRILEY HALL",4,-93.65045,42.0239234
"Gateway Hills Park Drive",4,-93.6493279,42.010354
"General Services Building",4,-93.6410964,42.0280642
"Hansen Ag Student Learning Center",4,-93.6502665,42.0110798
"Hickory Drive and Lincoln Way",4,-93.6732329,42.0229789
"Lincoln Way and North Riverside Drive",4,-93.6298275,42.0228363
"Lincoln Way and South Russell Avenue",4,-93.6283456,42.0228388
"Lot 114",4,-93.642107,42.0361627
"Lot 15",4,NA,NA
"Lot 2",4,-93.6536866,42.0260878
"Lot 26",4,-93.6479903,42.0298873
"Lot 52",4,NA,NA
"Lot 59B",4,-93.652149,42.025067
"Lot 60",4,-93.6530339,42.0209006
"Lot 7",4,-93.6546792,42.0257352
"Lot 83",4,-93.6411713,42.0330701
"Lot 85W",4,-93.6365824,42.0157193
"Lot 91",4,NA,NA
"Lot C3",4,-93.6347895,42.0192833
"Lot D4",4,-93.6331915,42.016812
"Lot G8",4,-93.6286452,42.0096516
"Memorial Union Bookstore",4,-93.6453763,42.0231853
"North Dakota Avenue and Ontario Street",4,-93.6787439,42.034582
"North Dakota Avenue and Westbend Drive",4,-93.6787552,42.0251552
"SE Intramural Fields",4,-93.6306464,42.0122747
"South 16th Street and Christensen Drive",4,-93.6320587,42.0097006
"South 4th Street and South Riverside Drive",4,-93.6310995,42.0065637
"Stange Road and Aspen Road",4,-93.6449407,42.0503654
"Stange Road and Wanda Daley Drive",4,-93.64473,42.0338708
"Storm Street and Welch Road",4,-93.6500563,42.0161339
"Student Innovation Center",4,-93.6517015,42.0269398
"Town Engineering Building",4,-93.65265,42.0295468
"Transportation Services",4,-93.6390719,42.0307934
"Veenker Golf Course",4,-93.6503018,42.0413042
"Wallace-Wilson Commons",4,-93.6504798,42.0140126
"West Street and Wilmoth Avenue",4,-93.6616358,42.0249486
"100 block of Beedle Drive",3,-93.6732302,42.0228128
"100 block of Lynn Avenue",3,-93.6464172,42.0226486
"100 block of South Sheldon Avenue",3,-93.6542392,42.0227216
"1022 Welch Avenue",3,-93.6493525,42.0127899
"12 Schilletter Village",3,-93.6423388,42.0433619
"1200 block of Walton Drive",3,-93.6713661,42.0112363
"1220 Walton Drive",3,-93.6694178,42.0116982
"1344 Walton Drive",3,-93.6698502,42.009717
"1406 Mayfield Drive",3,-93.6719499,42.0095341
"142 University Village",3,-93.6416346,42.0407643
"1900 block of Lincoln Way",3,-93.6332603,42.0227673
"1900 block South 4th Street",3,-93.6379967,42.0154325
"200 block of Beyer Court",3,-93.6509169,42.0249164
"200 University Village",3,-93.6441672,42.0427435
"2100 block of Union Drive",3,-93.6496968,42.024591
"219 Main Street",3,-93.6129769,42.0253432
"2200 block of Knapp Street",3,-93.6443742,42.0191422
"2200 Block of Lincoln Way",3,-93.644527,42.0226921
"2200 block of Union Drive",3,-93.6496968,42.024591
"2300 block of Lincoln Way",3,-93.6466806,42.0224713
"2500 block of Osborn Drive",3,-93.6509615,42.0288842
"2500 Block of Union Drive",3,-93.6517676,42.0253623
"2500 block of University Boulevard",3,-93.6384451,42.0002402
"2508 Mortensen Rd",3,-93.6502665,42.0110798
"2715 Bobcat Drive",3,-93.6526505,41.9965463
"2800 block of Wood Street",3,-93.6556273,42.0221434
"2900 block of Wood Street",3,-93.6571486,42.0219425
"31 Frederiksen Court",3,-93.6420413,42.0345981
"317 Lynn Avenue",3,-93.646777,42.019605
"3200 block of Lincoln Way",3,-93.6599566,42.0224942
"33 Frederiksen Court",3,-93.640694,42.0346152
"3400 block of Lincoln Way",3,-93.6648334,42.0225512
"3510 Lincoln Way",3,-93.6661662,42.0224702
"3906 Maricopa Drive",3,-93.6693983,42.0083904
"4008 Maricopa Drive",3,-93.6708406,42.0080236
"4020 Maricopa Drive",3,-93.6715537,42.0080781
"4300 block of Maricopa Drive",3,-93.6740169,42.0085699
"4700 block of Steinbeck Street",3,-93.6829214,42.0147373
"4709 Steinbeck Street",3,-93.6830438,42.0149761
"4900 block of Mortensen Road",3,-93.6886363,42.0128357
"500 block of Stanton Avenue",3,-93.6484827,42.0179205
"510th Avenue and 260th Street",3,-93.6780539,41.9793759
"60 Schilletter Village",3,-93.6434037,42.0440331
"Arbor Street and Hyland Avenue",3,-93.6555561,42.0209196
"Ashmore Drive and Ashmore Circle",3,-93.6416872,42.010786
"Beach Avenue and Greenbriar Circle",3,-93.639397,42.0125416
"Beach Avenue and Indiangrass Court",3,-93.6397111,42.009656
"Beach Avenue and Mortensen Parkway",3,-93.6408246,42.008529
"Biorenewables Laboratory",3,-93.6519015,42.0274615
"Birch-Welch-Roberts",3,-93.6425636,42.0239302
"Bissell Road and Marston Court",3,-93.6519109,42.0272025
"BRL",3,-93.6519015,42.0274615
"C.Y. Stephens Auditorium",3,-93.6380161,42.0203208
"Chamberlain Streetn and Lynn Avenue",3,-93.6464356,42.0215381
"Cochrane Parkway and South Dakota Avenue",3,-93.678692,42.0171418
"Cyclone Plaza",3,-93.648229,42.021222
"Dickinson Avenue and Steinbeck Street",3,-93.6809282,42.0146647
"Donald Street and Stanton Avenue",3,-93.648495,42.01699
"Edenburn Drive and Long Road",3,-93.6430037,42.0428997
"Farm House Museum",3,-93.6439451,42.0271105
"Farmhouse Lane and Osborn Drive",3,-93.6437064,42.0288802
"Fredericksen Court",3,-93.6422748,42.0332422
"Grand Avenue and South 5th Street",3,-93.6201177,42.0258057
"Gray Avenue and Greeley Street",3,-93.6407056,42.0198054
"Hilton Colesium",3,-93.635074,42.022693
"Iowa State Center",3,-93.6375176,42.0213294
"King Pavilion",3,-93.653478,42.0288412
"Lincoln Way and North Hazel Avenue",3,-93.6267992,42.022851
"Lincoln Way and North Russell Avenue",3,-93.6283456,42.0228388
"Lincoln Way and South Dakota",3,-93.6787027,42.0229015
"Lincoln Way and South Hyland Avenue",3,-93.6555907,42.0227264
"LINCOLN WAY/BEACH RD",3,-93.6394928,42.0227678
"Lloyd Veterinary Medical Center",3,-93.631937,42.0064424
"Lot 112D",3,-93.6405435,42.032131
"Lot 112H",3,-93.6400729,42.0347726
"Lot 115",3,-93.6428661,42.0342308
"Lot 13",3,-93.6510447,42.0274772
"Lot 14B",3,NA,NA
"Lot 35",3,-93.6454805,42.0317614
"Lot 37",3,-93.6459656,42.029835
"Lot 39",3,-93.6424207,42.029879
"Lot 41",3,-93.6400635,42.0292863
"Lot 45",3,-93.6421649,42.0278571
"Lot 57",3,-93.6384375,42.0267915
"Lot 59",3,NA,NA
"Lot 61H",3,-93.6502557,42.0136774
"Lot A1",3,-93.6378505,42.0192336
"LOT B6",3,-93.6365107,42.0167789
"Lot C1",3,-93.6349461,42.0220732
"Lot C2",3,-93.6348454,42.0199474
"Lot D2",3,-93.6332424,42.018666
"Lot S1",3,-93.637653,42.0127743
"Lot S2",3,-93.6369797,42.0121464
"LOT S7",3,-93.6331516,42.0140523
"Lynn Avenue and Storm Street",3,-93.6463569,42.0161187
"Mackay Hall",3,-93.6465403,42.0285999
"Mortensen Parkway and Gateway Hills Park Drive",3,-93.649478,42.011749
"Mortensen Parkway and State Avenue",3,-93.6589323,42.0118849
"North Dakota Avenue and Timber Ridge Drive",3,-93.6788234,42.0273617
"Oak-Elm Hall",3,-93.6403311,42.0251392
"Online",3,-93.5865453,42.0347453
"Science I",3,-93.6464654,42.0266187
"Snedecor Hall",3,-93.6497211,42.0285232
"South 16th Street and South Grand Avenue",3,-93.620034,42.0083874
"South 4th Street and Hazel Avenue",3,-93.62704,42.019284
"South Hyland Avenue and Wood Street",3,-93.655592,42.0221438
"Steinbeck Street and South Dakota Avenue",3,-93.6786731,42.0145902
"Sunflower Drive and Tripp Street",3,-93.6676173,42.020146
"Sunset Drive and Gray Avenue",3,-93.6411862,42.0212956
"Union Drive",3,-93.6486019,42.0240726
"University Boulevard",3,-93.6378282,42.0101519
"Welch Road",3,-93.6498227,42.0234611
"WILSON HALL",3,-93.651021,42.0139143
"100 block of Beach Avenue",2,-93.639494,42.0226543
"100 block of Dotson Drive",2,-93.6713958,42.0229273
"100 block of Gray Avenue",2,-93.6420308,42.022688
"100 block of North Hyland Avenue",2,-93.6555909,42.0227364
"100 block of South Franklin Avenue",2,-93.6647898,42.0228016
"100 block of South Hyland Avenue",2,-93.6555855,42.0226467
"100 block of Union Drive",2,-93.6491309,42.0251323
"1000 block of Univerity Boulevard",2,-93.6428582,42.030507
"1000 block of University Boulevard",2,-93.6428582,42.030507
"1102 Haber Road",2,-93.6382242,42.0321544
"1200 block of Delaware Avenue",2,-93.6798721,42.0333857
"122 University Village",2,-93.6410593,42.0400299
"122 UNIVERSITY VILLAGE",2,-93.6410593,42.0400299
"124 Hyland Avenue",2,-93.6552541,42.0236095
"13 Frederiksen Court",2,-93.6437419,42.0342669
"1332 Walton Drive",2,-93.6698899,42.0100635
"136 University Village",2,-93.6425534,42.0405134
"13th Street and Haber Road",2,-93.578887,42.035042
"1600 block of Amherst Drive",2,-93.6606461,42.0370606
"173 University Village",2,-93.6437037,42.0422097
"20 SCHILLETTER VILLAGE",2,-93.6411672,42.043287
"200 block of Lynn Avenue",2,-93.6458095,42.0207988
"200 block of Sunset Drive",2,-93.6419602,42.0208075
"200 block Stanton Avenue",2,-93.648229,42.021222
"200 Stanton Avenue",2,-93.648229,42.021222
"2000 block of Hawthorn Court Drive",2,-93.6433386,42.0338766
"204 Welch Avenue",2,-93.6497013,42.0213099
"210 Beach Road",2,-93.6367006,42.0246261
"2100 block of 13th Street",2,-93.5852635,42.0339055
"2100 block of Gable Lane",2,-93.6436014,42.0215071
"2100 block of Hawthorn Court Drive",2,-93.6433386,42.0338766
"2100 block of Ironwood Court",2,-93.6394836,42.0058423
"211 Lynn Avenue",2,-93.6467598,42.0211551
"2120 Union Drive",2,-93.6496968,42.024591
"2122 Lincoln Way",2,-93.6412957,42.02241
"215 Beach Road",2,-93.6397485,42.0240296
"224 Beach Road",2,-93.6382529,42.0238084
"23 Frederiksen Court",2,-93.643363,42.0332305
"2300 block of Chamberlain Street",2,-93.6470618,42.0215537
"2311 Chamberlain Street",2,-93.6475113,42.0216919
"2320 Chamberlain Street",2,-93.647491,42.02126
"2327 Knapp Street",2,-93.648047,42.0193175
"2389 13th Street",2,-93.5818823,42.0345129
"2400 block of Knapp Street",2,-93.6485073,42.0191298
"2403 Union Drive",2,-93.6496968,42.024591
"2500 block of Union Drive",2,-93.6517676,42.0253623
"2519 Hunt Street",2,-93.6512741,42.020471
"2636 Lincoln Way",2,-93.65345,42.022488
"2650 Lincoln Way",2,-93.6538878,42.0225517
"2800 block of West Street",2,-93.6556596,42.0253444
"2900 block of West Street",2,-93.6572344,42.0251692
"300 block of Ash Avenue",2,-93.6443295,42.0201016
"300 block of South Sheldon Avenue",2,-93.653788,42.0207
"3100 block of Lincoln Way",2,-93.6591621,42.0225283
"311 Ash Avenue",2,-93.64478,42.0198268
"3200 block of Lettie Street",2,-93.6598732,42.0214922
"3400 block of University Boulevard",2,-93.636492,41.9911367
"3600 block of Lincoln Way",2,-93.667828,42.0215247
"3900 block of Maricopa Drive",2,-93.6689045,42.008411
"3900 block of Mortensen Road",2,-93.6699026,42.0117276
"3900 block of Tripp Street",2,-93.6702565,42.0198581
"3913 Quebec Street",2,-93.6722862,42.0334627
"3914 Maricopa Drive",2,-93.6698627,42.0084232
"3915 Mortensen Road",2,-93.6716726,42.0132915
"400 block of Oakland Street",2,-93.6614214,42.0282543
"4000 block of Maricopa Drive",2,-93.671001,42.008431
"41 Frederiksen Court",2,-93.6425217,42.0327606
"4110 Maricopa Drive",2,-93.6723134,42.0077193
"4120 Maricopa Drive",2,-93.672663,42.0082746
"4200 Maricopa Drive",2,-93.6732177,42.0082569
"43 FREDERIKSEN COURT",2,-93.6420226,42.032767
"4300 block of Lincoln Way",2,-93.6767801,42.0225089
"44 Schilletter Village",2,-93.6419526,42.0440492
"45 Schilletter Village",2,-93.6423067,42.0441042
"4500 block of Twain Circle",2,-93.679504,42.0153
"4717 Mortensen Road",2,-93.6836779,42.0131009
"48 Schilletter Village",2,-93.6430393,42.0440441
"4916 Hemingway Drive",2,-93.686189,42.018354
"500 block of Hayward Avenue",2,-93.6517122,42.0176011
"51 Frederiksen Court",2,-93.6393157,42.0345257
"52 Frederiksen Court",2,-93.6386904,42.0342268
"52000 block of 260th Street",2,-93.6488612,41.9787738
"527 E Lincoln Way",2,-93.6041911,42.0230566
"5th Street and Duff Avenue",2,-93.6102874,42.017406
"600 block of Hayward Avenue",2,-93.6516926,42.0161431
"61 Frederiksen Court",2,-93.641138,42.033255
"62 FREDERIKSEN COURT",2,-93.640536,42.0332645
"63 Frederiksen Court",2,-93.6408012,42.0327995
"800 block of Dickinson Avenue",2,-93.680804,42.0161777
"800 block of Hayward Avenue",2,-93.6504782,42.0153073
"800 block of Sandcastle Drive",2,-93.6218802,42.0054836
"81 Frederiksen Court",2,-93.6398497,42.0329143
"826 Dickinson Apartments",2,-93.6192443,42.0252573
"900 block of Hayward Avenue",2,-93.6504728,42.0148119
"960 Stange Road",2,-93.6446721,42.0308594
"Applied Sciences Complex 2",2,-93.6639856,42.0406195
"Ash Avenue and Donald Street",2,-93.6443323,42.0170141
"Baughman Road and Beedle Drive",2,-93.6732235,42.0212546
"Baughman Road and Dotson Drive",2,-93.6713776,42.0212303
"Beach Avenue and Country Club Boulevard",2,-93.63945,42.0191406
"Beedle Drive and Lincoln Swing",2,-93.6732501,42.0225312
"Beyer Court",2,-93.6509993,42.0242218
"Blankenburg Drive and Long Road",2,-93.6430148,42.0415349
"Bloomington Road and Stange Road",2,-93.6450045,42.0563647
"Campanile",2,-93.6460669,42.0254176
"Campus Avenue and Oakland Street",2,-93.6570339,42.0280999
"Campus Avenue and Sheldon Avenue",2,-93.6552803,42.027548
"CATT HALL",2,-93.6456974,42.0278902
"Clemens Boulevard and Hemingway Drive",2,-93.679556,42.0179341
"Coconino Road and Maricopa Drive",2,-93.6755935,42.0087739
"Communications Building",2,-93.650922,42.0310143
"Country Club Boulevard and Pearson Avenue",2,-93.6417492,42.0179131
"Cross Country Course",2,-93.6525215,42.0131474
"Curtiss Farm",2,-93.6606346,42.0025316
"CURTISS HALL",2,-93.6448628,42.0261821
"CY Stephens Auditorium",2,-93.6380161,42.0203208
"Cyride Drive and North University Boulevard",2,-93.6352705,42.0276359
"Donald Street and Lynn Avenue",2,-93.646367,42.0169978
"Dotson Avenue and Lincoln Way",2,-93.6713928,42.0228527
"Dotson Drive and Tripp Street",2,-93.6713604,42.0198722
"East Hall",2,-93.6433942,42.026014
"Edenburn Drive and Stange Road",2,-93.6448596,42.043784
"Franklin Avenue and Woodland Street",2,-93.6648189,42.0264447
"FREDERIKSEN COURT COMMUNITY CENTER",2,-93.6429145,42.0339213
"Greensboro Drive and Stange Road",2,-93.6448604,42.0438291
"Hazel Avenue and Lincoln Way",2,-93.6267992,42.022851
"Highway 30 and South Duff Avenue",2,-93.6387198,42.0030346
"Horticulture Hall",2,-93.644913,42.0279617
"Howard Avenue and Story Street",2,-93.6584712,42.0237243
"HYLAND AVE/WEST ST",2,-93.6556457,42.0253446
"Hyland avenue and Lincoln Way",2,-93.6555907,42.0227264
"JACK TRICE STADIUM",2,-93.635664,42.016144
"Jacobson Building",2,-93.6357926,42.0149718
"LARCH HALL",2,-93.6382868,42.0232779
"Lettie Street and South Wilmoth Avenue",2,-93.6615876,42.0215154
"Lettie Street and Wilmoth Avenue",2,-93.6615876,42.0215154
"LIED RECREATION CENTER",2,-93.6372142,42.0267276
"Lincoln Highway",2,-93.5706929,42.022816
"Lincoln Way",2,-93.6542392,42.0227224
"Lincoln Way and Maple Avenue",2,-93.6252228,42.0228657
"Lincoln Way and North University Boulevard",2,-93.6332661,42.0228746
"Lincoln Way and Oak Avenue",2,-93.6238118,42.0228778
"Lincoln Way and S. Maple Drive",2,-93.6252228,42.0228657
"Lincoln Way and south Dakota Avenue",2,-93.6787027,42.0229015
"Lincoln Way and Wilder Avenue",2,-93.6918302,42.0228356
"LINCOLN WAY/ASH AVE",2,-93.64441,42.0226961
"LINCOLN WAY/HYLAND AVE",2,-93.6555907,42.0227264
"LOT 1",2,-93.6540123,42.0236158
"LOT 100",2,-93.6377706,42.0258047
"Lot 110",2,-93.6393133,42.03113
"LOT 112K",2,NA,NA
"Lot 112L",2,NA,NA
"Lot 12",2,-93.6515025,42.0312528
"Lot 122",2,-93.6476302,42.0335177
"Lot 16",2,-93.6494314,42.0284019
"Lot 17",2,-93.6356358,42.0006688
"Lot 201B",2,-93.6429358,42.0421319
"Lot 202D",2,-93.641294,42.0447001
"Lot 202F",2,-93.643886,42.0445397
"Lot 202G",2,-93.6356358,42.0006688
"LOT 29",2,-93.6494938,42.032232
"Lot 31",2,-93.6468396,42.0322781
"Lot 43",2,-93.6451572,42.0284868
"Lot 47",2,-93.6405166,42.0280461
"Lot 49",2,-93.6441879,42.0259626
"Lot 50",2,-93.6420154,42.0237318
"Lot 56",2,-93.6384822,42.0249342
"Lot 59C",2,-93.651515,42.0236259
"LOT 61A",2,-93.6483506,42.0124764
"Lot 61F",2,-93.6513849,42.0147812
"Lot 65",2,-93.6493562,42.0247387
"Lot 73",2,-93.6466515,42.0240508
"Lot 8",2,-93.6511152,42.0264255
"Lot 80",2,-93.6387182,42.0231395
"Lot 82",2,-93.6396571,42.0250672
"LOT 85E",2,-93.6344334,42.0157296
"Lot 9",2,-93.6541773,42.0284555
"LOT S4",2,-93.6348588,42.0120423
"LYNN AVE/BAKER ST",2,-93.6463639,42.0179401
"Lynn Avenue and Knapp Street",2,-93.6463784,42.019148
"Maricopa Drive",2,-93.6723197,42.0084731
"Molecular Biology Building",2,-93.6496746,42.0311093
"Morrill Road and Osborn Drive",2,-93.6479567,42.0288782
"Mortensen Road and University Boulevard",2,-93.6392188,42.0083024
"Northridge Parkway and Stange Road",2,-93.6450969,42.0487875
"Not Available",2,NA,NA
"Nuclear Engineering Laboratory",2,-93.6515348,42.0274528
"Olsen Building",2,-93.6357926,42.0155901
"On Campus",2,-93.6481951,42.0212788
"Ontario Circle and Ontario Street",2,-93.6581104,42.0344585
"Plant Pathology Greenhouse",2,-93.6410549,42.0297036
"Power Plant",2,-93.6397354,42.0277682
"Raphael Avenue and Todd Drive",2,-93.6796472,42.0212874
"Schilletter/University Village Community Center",2,-93.6441672,42.0427435
"SEED SCIENCE",2,-93.6420368,42.0293304
"Sheldon Avenue and Sheldon Avenue Ext.",2,-93.6544991,42.0274656
"Sheldon Avenue and Sheldon Extension",2,-93.6542392,42.0227224
"Sloss House",2,-93.6449453,42.025667
"South 16th Street and Riverside Drive",2,-93.6296687,42.0092298
"South 16th Street and South Riverside Drive",2,-93.6296687,42.0092298
"South 4th Street and South Hazel Avenue",2,-93.62704,42.019284
"South 4th Street and South Maple Avenue",2,-93.6251667,42.0192117
"SOUTH DAKOTA AVE/US HIGHWAY 30 RAMP",2,-93.678528,41.9985159
"South Dakota Avenue and US Highway 30 ramp",2,-93.6387198,42.0030346
"South Duff Avenue and Airport Road",2,-93.6101465,42.0011411
"South Franklin Avenue and Lincoln Way",2,-93.6647899,42.0228024
"Southern Hills Drive",2,-93.6280877,42.0023228
"Stadium Drive",2,-93.6357716,42.0139977
"Stephens Auditorium",2,-93.6380161,42.0203208
"Story Street and Wilmoth Avenue",2,-93.6616201,42.0241238
"US Highway 30 E and University Boulevard",2,-93.6387198,42.0030346
"WALLACE RD/OSBORN DR",2,-93.6415098,42.0288854
"Walton Drive",2,-93.6702176,42.0099168
"West Street and Woodland Avenue",2,-93.6575748,42.0253032
"",1,NA,NA
"100 Block Hawyard Avenue",1,-93.6517049,42.0227335
"100 block Hayward Avenue",1,-93.6517049,42.0227335
"100 block of Ash Avenue",1,-93.64441,42.0226955
"100 block of Franklin Avenue",1,-93.6647898,42.0228016
"100 block of Haber Road",1,-93.6383849,42.0313932
"100 block of Howard Avenue",1,-93.6584517,42.0227384
"100 block of Manning Avenue",1,-93.6598705,42.0225271
"100 block of South Wilmoth Avenue",1,-93.6615998,42.0227604
"100 block of State Avenue",1,-93.6591202,42.0227143
"100 block of Wilmoth Avenue",1,-93.6615998,42.0227604
"100 Block Wilmouth Avenue",1,-93.6615998,42.0227604
"100 bock of Howard Avenue",1,-93.6584517,42.0227384
"100 Campus Avenue",1,-93.6570426,42.0227322
"100 HYLAND AVE",1,-93.6555855,42.0226467
"100 South Sheldon Avenue",1,-93.6542392,42.0227216
"1000 block Haber Road",1,-93.6384225,42.0312632
"1000 block of Ash Avenue",1,-93.6439255,42.0133829
"1000 block of Hayward Avenue",1,-93.6516675,42.0132918
"101 1st Street North - Slater, IA",1,-93.6821269,41.8778194
"102 University Village",1,-93.6440521,42.0399307
"1029 State Street",1,-93.658933,42.0119157
"1030 Haber Road",1,-93.6384225,42.0312632
"1032 HABER RD",1,-93.6384225,42.0312632
"104 University Village",1,-93.6441358,42.0403768
"1062 WOI Road",1,-93.6502812,42.0317164
"109 University Village",1,-93.6433795,42.0399641
"11 Frederiksen Court",1,-93.6443146,42.0342578
"110 Stanton Avenue",1,-93.6485129,42.0226786
"1100 block of Stange Road",1,-93.6447099,42.0324959
"1100 block of Welch Road",1,-93.6493487,42.0124617
"1100 block Southern Hills Drive",1,-93.6270715,42.0025391
"1102 Southern Hills Drive",1,-93.6257787,42.00268
"1105 Pinon Drive",1,-93.6750654,42.0126964
"111 University Village",1,-93.6426999,42.0400823
"1111 Hayward Avenue",1,-93.655653,42.014096
"112 University Village",1,-93.643016,42.0399381
"113 University Village",1,-93.6423469,42.0393918
"114 University Village",1,-93.6424229,42.0396176
"114 WELCH AVE",1,-93.6498485,42.0222163
"115 S SHELDON AVE",1,-93.6546007,42.0221427
"115 University Village",1,-93.642427,42.0399923
"115 Welch Avenue",1,-93.650816,42.022189
"1150 Lincoln Way",1,-93.6262917,42.0226452
"116 Welch Avenue",1,-93.649937,42.022074
"117 Welch Avenue",1,-93.6503435,42.0220653
"118 University Village",1,-93.6419027,42.039366
"119 University Village",1,-93.6420832,42.0396648
"1191 University Boulevard",1,-93.6382883,42.0125689
"11th Street and Grand Avenue",1,-93.6203343,42.0321157
"120 Hayward Avenue",1,-93.6515023,42.0219104
"120 Stanton Avenue",1,-93.6485119,42.0226266
"1200 block of Mayfield Drive",1,-93.6713661,42.0112363
"1209 Mayfield Drive",1,-93.6720291,42.0114638
"1213 University Boulevard",1,-93.6374053,42.0103662
"1215 Scholl Road",1,-93.665812,42.033881
"122 Hayward Avenue",1,-93.6514721,42.0217397
"1220 WALTON DR",1,-93.6694178,42.0116982
"124 University Village",1,-93.6408701,42.0396747
"125 University Village",1,-93.64052,42.0402809
"1259 State Avenue",1,-93.6593184,42.0104852
"126 S KELLOGG AVE",1,-93.6129552,42.0218351
"126 Welch Avenue",1,-93.6497904,42.0217817
"127 University Village",1,-93.6440281,42.0411743
"129 S. Duff Avenue",1,-93.6109768,42.02182
"129 University Village",1,-93.6436952,42.0413756
"1300 block of U Avenue",1,NA,NA
"1300 Coconino Road",1,-93.674943,42.01117
"1307 Coconino Road",1,-93.677523,42.011662
"1308 Walton Drive",1,-93.6698899,42.0107592
"1312 Walton Drive",1,-93.669467,42.01071
"1318 Walton Drive",1,-93.6698899,42.01045
"1344 WALTON DR",1,-93.6698502,42.009717
"135 Wilmoth Avenue",1,-93.6618882,42.0239974
"137 Lynn Avenue",1,-93.6467598,42.0213869
"137 University Village",1,-93.6424737,42.0407092
"13TH ST/STANGE RD",1,-93.6447655,42.0356216
"13th Street",1,-93.6329203,42.0345266
"13th Street and Duff Avenue",1,-93.610669,42.0345421
"13th Street and Furman Aquatic Center",1,-93.6310629,42.0352395
"13th Street and Hyland",1,-93.6556493,42.0345655
"1400 block of Coconino Road",1,-93.6746043,42.010029
"1400 block of Stange Road",1,-93.6447533,42.035064
"1405 Coconino Road",1,-93.676751,42.009796
"1416 Mayfield Drive",1,-93.6719499,42.0090703
"1425 Coconino Road",1,-93.6760938,42.0090551
"144 UNIVERSITY VILLAGE",1,-93.6441672,42.0427435
"144MM and US Highway 30",1,-93.6387198,42.0030346
"150 University Village",1,-93.6441672,42.0427435
"1500 block of Little Bluestem Court",1,-93.645773,42.009144
"1500 Center Drive",1,-93.6347909,42.0196412
"151 UNIVERSITY VILLAGE",1,-93.6441672,42.0427435
"1516 S. Riverside Drive",1,-93.6296446,42.0077258
"153 Hyland Avenue",1,-93.6559472,42.0247272
"154 Sheldon Avenue",1,-93.6542723,42.0242827
"157 UNIVERSITY VILLAGE",1,-93.6441672,42.0427435
"158 University Village",1,-93.6441672,42.0427435
"1606 Christensen Drive",1,-93.63343,42.0089863
"162 University Village",1,-93.6441672,42.0427435
"163 Hyland Avenue",1,-93.656066,42.0251484
"1635 Amherst Drive",1,-93.6572755,42.0398499
"164 University Village",1,-93.6421641,42.042591
"169 University Village",1,-93.6425544,42.0427234
"1700 block of University Boulevard",1,-93.6347242,42.0286258
"1799 Center Drive",1,-93.6369842,42.0196241
"18 Schilletter Village",1,-93.6416288,42.0433749
"1800 block of Christensen Drive",1,-93.6323694,42.0067073
"1800 block of Lincoln Way",1,-93.6325487,42.0227502
"1800 Christensen Drive",1,-93.6323694,42.0067073
"200 block Beach Road",1,-93.6389869,42.0254892
"200 block Main Street",1,-93.6120764,42.0249607
"200 block North Sheldon Avenue",1,-93.6543157,42.0261159
"200 block of 13th Street",1,-93.6123046,42.0345319
"200 block of Beach Road",1,-93.6389869,42.0254892
"200 block of Cessna Avenue",1,-93.6409731,42.0160343
"200 block of Gray Avenue",1,-93.6408079,42.0213996
"200 block of Jewel Drive",1,-93.6091146,41.9930235
"200 block of Lincoln Way",1,-93.6121463,42.0229048
"200 block of Raphael Avenue",1,-93.6796487,42.0212848
"200 block of South Hyland Avenue",1,-93.6555919,42.0221415
"200 block of South Sheldon Avenue",1,-93.653675,42.021152
"200 block of Welch Road",1,-93.6501941,42.0214439
"200 Block Stanton Avenue",1,-93.648229,42.021222
"200 block Tama Street",1,NA,NA
"200 block Welch Avenue",1,-93.6501941,42.0214439
"200 Chamberlain Place",1,-93.6481878,42.0212295
"200 HYLAND AVE",1,-93.6556457,42.0253446
"200 S. Sheldon Avenue",1,-93.653675,42.021152
"2000 block of 13th Street",1,-93.5858496,42.034404
"2000 block of Cessna Street",1,-93.6394051,42.0162139
"2000 block of Greeley Street",1,-93.6394593,42.01975
"203 Beedle Drive",1,-93.6732982,42.0210143
"203 Hayward Avenue",1,-93.651761,42.0209477
"203 Welch Avenue",1,-93.6505613,42.0212663
"2072 Mortensen Parkway",1,-93.6417525,42.0087823
"20th Street and Hayes Avenue",1,-93.6314999,42.0419285
"21 Frederiksen Court",1,-93.6442665,42.03318
"210 Gray Avenue",1,-93.6405392,42.0210626
"2100 block Edenburn Drive",1,-93.6438751,42.0429155
"2100 block Gable Lane",1,-93.6436014,42.0215071
"2100 Gable Lane",1,-93.6436014,42.0215071
"2101 Oakwood Road",1,-93.6426419,41.9979428
"2112 LINCOLN WAY",1,-93.6402663,42.0223653
"2119 Edeburn Drive",1,-93.6441086,42.0427535
"2119 Edenburn Drive",1,-93.6441086,42.0427535
"212 Beyer Court",1,-93.65045,42.0239234
"2121 Sunset Drive",1,-93.6427211,42.0210512
"2131 Union Drive",1,-93.6496968,42.024591
"2138 Veterinary Medicine",1,-93.6321429,42.00664
"214 South Hyland Avenue",1,-93.655219,42.0219585
"2147 Union Drive",1,-93.6496968,42.024591
"2148 Lincoln Way",1,-93.6396811,42.0226572
"216 Stanton",1,-93.6482645,42.0208755
"216 Stanton Avenue",1,-93.6482645,42.0208755
"217 Welch Avenue",1,-93.6503633,42.020693
"218 Welch Avenue",1,-93.6496901,42.0208303
"22 Frederiksen Court",1,-93.6440013,42.0335992
"2200 block Lincoln Way",1,-93.644527,42.0226921
"2200 block of 13th Street",1,-93.5837197,42.0343983
"2200 block of Osborn Drive",1,-93.644629,42.0284863
"2212 WANDA DALEY DR",1,-93.6479481,42.0338403
"2226 Donald Street",1,-93.6456709,42.0168039
"2227 Knapp Street",1,-93.6457501,42.0193517
"2239 Knapp Street",1,-93.6461263,42.0193977
"22500 block of Hunt Avenue",1,NA,NA
"227 Sheldon Avenue",1,-93.6545364,42.0264621
"2300 block Edenburn Drive",1,-93.640547,42.0448257
"2300 block Knapp Street",1,-93.6463997,42.0191478
"2300 block Mortensen Parkway",1,-93.647512,42.011155
"2300 block of Union Drive",1,-93.6496968,42.024591
"2300 Knapp Street",1,-93.6463997,42.0191478
"2302 Lincoln Way",1,-93.646577,42.0226341
"2310 Mortensen Parkway",1,-93.6479478,42.0108386
"2311 Kooser Drive",1,-93.6474329,42.0322706
"2320 Lincoln Way",1,-93.6473538,42.0224886
"2324 Storm Street",1,-93.6475716,42.0158936
"2340 13TH ST",1,-93.5822258,42.0337076
"24 FREDERIKSEN COURT",1,-93.6435922,42.0327685
"2400 block of Kooser Drive",1,-93.648192,42.032519
"2400 block of Union Drive",1,-93.6496968,42.024591
"2400 Block Pammel Drive",1,-93.6485313,42.0299543
"2400 University Avenue",1,-93.6389116,42.0008005
"2410 Chamberlain Street",1,-93.6492149,42.0212318
"2415 Pammel Drive",1,-93.6486174,42.0309594
"2420 Lincoln Way",1,-93.6496109,42.0225329
"2421 S. MAPLE STREET",1,-93.6251737,42.0193033
"2430 Lincoln Way",1,-93.6499644,42.0225314
"2470 UNION DR",1,-93.6517676,42.0253623
"24th Street and Edenburn Drive",1,-93.6441672,42.0427435
"24th Street and Hayes Avenue",1,-93.6336253,42.0455281
"24th Street and Prairie View West",1,-93.6397806,42.0454521
"2500 block Chamberlain Street",1,-93.6500819,42.0214429
"2500 block of Hunt Street",1,-93.6501319,42.0202786
"2500 block of SE 16th Street",1,-93.579599,42.007827
"2500 block Osborn Drive",1,-93.6509615,42.0288842
"2500 Chamberlain Street",1,-93.6500819,42.0214429
"2532 UNION DR",1,-93.6513638,42.0253616
"2566 Pammel Drive",1,-93.6535551,42.0304027
"2600 block of Bruner Drive",1,-93.6442967,42.0389824
"2600 block of Hunt Street",1,-93.6517822,42.020131
"2600 block of Knapp Street",1,-93.6517339,42.0191154
"2600 block of Mortensen Road",1,-93.6516883,42.0118613
"2600 block of Pammel Drive",1,-93.6535551,42.0304027
"2600 block of Union Drive",1,-93.6529167,42.0253626
"2600 SE 16TH ST",1,-93.5783034,42.0080785
"2601 Osborn Drive",1,-93.6508901,42.0288844
"2630 Bruner Drive",1,-93.6442967,42.0389824
"2631 Hunt Street",1,-93.6533334,42.0203283
"2633 Mortensen Road",1,-93.6521512,42.0118639
"2642 Union Drive",1,-93.6538021,42.0246748
"2673 Blankenburg Drive",1,-93.6441321,42.0416342
"27 Schilletter Village",1,-93.6405543,42.0443809
"2700 blk South Dakota Avenue",1,-93.6785896,42.0043906
"2700 block of 13th Street",1,-93.653734,42.034597
"2700 block of Knapp Street",1,-93.6541251,42.0191402
"2700 block of Mortensen Road",1,-93.6530943,42.0118668
"2700 block of West Street",1,-93.6543396,42.0253595
"2768 Pammel Drive",1,-93.6535551,42.0304027
"2800 block of Arbor Street",1,-93.6550111,42.0207911
"2800 block of Hampton Street",1,-93.6467365,42.0460366
"2900 block of Lincoln Way",1,-93.6570426,42.0227269
"2900 block of Oakland Street",1,-93.6570464,42.0281005
"2915 Lincoln Way",1,-93.657843,42.02299
"300 block of Franklin Avenue",1,-93.6648062,42.0249036
"300 block of Hayward Avenue",1,-93.6517575,42.0201314
"300 block of Lynn Street",1,-93.645878,42.0202902
"300 Chamberlain Place",1,-93.6509409,42.0209331
"300 Stanton Avenue",1,-93.6481458,42.0202997
"3000 block of 520th Avenue",1,-93.6585389,42.0011523
"3000 block of Arbor Street",1,-93.6578292,42.0205567
"301 Lynn Avenue",1,-93.646839,42.0204571
"301 Main Street",1,-93.6140434,42.025259
"302 Ash Avenue",1,-93.6439683,42.0198718
"310 10th Street",1,-93.6145579,42.0310767
"3100 block of State Avenue",1,-93.6578753,41.9983727
"312 S Franklin Avenue",1,-93.6644263,42.0187382
"315 Carrie Lane Court",1,-93.6418517,42.0244726
"315 Welch Avenue",1,-93.6505015,42.0197804
"3151 State Avenue",1,-93.6608229,41.9963
"32 Fredericksen Court",1,-93.6413749,42.0348474
"32 Frederiksen Court",1,-93.6429145,42.0339213
"33 FREDERIKSEN COURT",1,-93.640694,42.0346152
"3300 block of West Street",1,-93.6616493,42.0249486
"34 Frederiksen Court",1,-93.6413685,42.0343662
"3400 block of Tripp Street",1,-93.6634421,42.0201154
"350 Farmhouse Lane",1,-93.6437099,42.0258617
"3500 block of Mortensen Road",1,-93.6645364,42.0119492
"3515 Lincoln Way",1,-93.6668396,42.0232601
"36 FREDERIKSEN COURT",1,-93.6412736,42.0353215
"36 Schilletter Village",1,-93.6416329,42.0442215
"3605 Lincoln Way",1,-93.6673149,42.0233995
"363 Farm House Lane",1,-93.6437099,42.0258617
"3700 block of 520th Avenue",1,-93.6562431,42.0563188
"3700 block of Mortensen Road",1,-93.6673236,42.0119853
"3714 Tripp Street",1,-93.668226,42.0198545
"38 Schilletter Village",1,-93.6417177,42.0446537
"3814 Lincoln Way",1,-93.6692101,42.0218967
"3910 Maricopa Drive",1,-93.669227,42.0077659
"3911 Maricopa Drive",1,-93.6692243,42.0086015
"3917 Mortensen Road",1,-93.671368,42.012405
"3917 Tripp St",1,-93.670653,42.02089
"400 block of Maricopa Drive",1,-93.6723197,42.0084731
"400 block of South Franklin Avenue",1,-93.6644201,42.0182217
"400 block State Avenue",1,-93.6590921,42.0193842
"400 block Welch Avenue",1,-93.6500882,42.0191138
"400 Welch Avenue",1,-93.6500882,42.0191138
"4000 block of Lincoln Way",1,-93.6714896,42.0223192
"4008 Maricopa Dr",1,-93.6708406,42.0080236
"4018 Lincoln Way",1,-93.6719697,42.0223045
"405 Hayward Avenue",1,-93.6521453,42.0188204
"4100 block Maricopa Drive",1,-93.6721876,42.0082125
"4100 block of Mortensen Road",1,-93.672607,42.0115979
"4100 Maricopa Drive",1,-93.6721876,42.0082125
"420 Beach Avenue",1,-93.6387083,42.0181584
"4200 block of Maricopa Drive",1,-93.6732177,42.0082569
"43 Frederiksen Court",1,-93.6420226,42.032767
"43 SCHILLETTER VILLAGE",1,-93.6422257,42.0444582
"4311 Ontario Street",1,-93.6777145,42.0347924
"440 Welch Avenue",1,-93.6496956,42.01781
"4500 block Mortensen Road",1,-93.678636,42.012084
"4500 block of Mortensen Road",1,-93.678636,42.012084
"4500 block of Steinbeck Street",1,-93.6788005,42.0145887
"4518 Mortensen Road",1,-93.6795569,42.0110687
"4518 Steinbeck Street",1,-93.6794777,42.0143173
"4530 Mortensen Road",1,-93.6804576,42.0114767
"4625 Steinbeck Street",1,-93.6819357,42.0152806
"4800 Mortensen Road",1,-93.6849459,42.0122875
"4820 Mortensen Road",1,-93.6856592,42.0124965
"4H Building",1,-93.6457421,42.0352482
"50 Schilletter Village",1,-93.6430323,42.0444804
"500 block of Beach Road",1,-93.6390001,42.0266928
"500 block of Bissell Road",1,-93.6518945,42.0282867
"500 block of Morrill Road",1,-93.647952,42.0281923
"500 block of South Riverside Drive",1,-93.6295954,42.0205305
"500 block of State Avenue",1,-93.6590799,42.0184214
"500 block of University B oulevard",1,-93.6322177,42.016952
"516 Welch Avenue",1,-93.6497495,42.017061
"517 Welch Avenue",1,-93.6504227,42.0169624
"56 Schilletter Village",1,NA,NA
"58 Schilletter Village",1,NA,NA
"600 block of Billy Sunday Road",1,NA,NA
"600 block of South 4th Street",1,NA,NA
"61 Schilletter Village",1,NA,NA
"611 Hayward Avenue",1,NA,NA
"611 Kellogg Avenue",1,NA,NA
"612 Stanton Avenue",1,NA,NA
"63 Schilletter Village",1,NA,NA
"636 Lincoln Way",1,NA,NA
"640 Lincoln Way",1,NA,NA
"6th Street",1,NA,NA
"6th Street and North University Boulevard",1,NA,NA
"6th Street and Ridgewood Avenue",1,NA,NA
"700 block of Sandcastle Drive",1,NA,NA
"706 Morrill Road",1,NA,NA
"800 block of East Lincoln Way",1,NA,NA
"800 block of State Avenue",1,NA,NA
"800 block Stange Road",1,NA,NA
"802 SW 3rd Street",1,NA,NA
"808 Hayward Avenue",1,NA,NA
"81 FREDERIKSEN COURT",1,NA,NA
"82 FREDERIKSEN COURT",1,NA,NA
"83 Frederiksen Court",1,NA,NA
"838 Welch Avenue",1,NA,NA
"Administrative Services Building",1,NA,NA
"Agg Avenue and Cessna Street",1,NA,NA
"Agronomy Farm",1,NA,NA
"Agronomy Greenhouse",1,NA,NA
"AGRONOMY HALL",1,NA,NA
"Alcott Avenue and Lincoln Way",1,NA,NA
"Ames Lab",1,NA,NA
"Animal Science Teaching Center",1,NA,NA
"Apple Place and Peach Lane",1,NA,NA
"Applied Science",1,NA,NA
"Applied Sciences Complex",1,NA,NA
"ARBOR ST/S SHELDON AVE",1,NA,NA
"Arbor Street and State Street",1,NA,NA
"Arkansas Avenue and Phoenix Street",1,NA,NA
"Ash Avenue and Ashmore Drive",1,NA,NA
"Ash Avenue and Country Club Boulevard",1,NA,NA
"Ash Avenue and Graeber Street",1,NA,NA
"Ashmore Drive and Beach Avenue",1,NA,NA
"Ashmore Drive and Gaskill Drive",1,NA,NA
"Aspen Road and Kent Avenue",1,NA,NA
"Aspen Road and Stange Road",1,NA,NA
"B/LOT 119",1,NA,NA
"Beach Avenue",1,NA,NA
"Beach Avenue and Friley Road",1,NA,NA
"Beach Avenue and Greeley street",1,NA,NA
"Beach Avenue and Indian Grass Court",1,NA,NA
"Beach Avenue and McCarthy Road",1,NA,NA
"Beach Road",1,NA,NA
"Beach Road and Carrie Lane Court",1,NA,NA
"Bergstrom Facility",1,NA,NA
"Beyer Court and Bissell Road",1,NA,NA
"Big Bluestem Ct. and Mortensen Parkway",1,NA,NA
"Bio Century Research Farm",1,NA,NA
"BIO CENTURY RESEARCH FARM",1,NA,NA
"Bio Renewables Laboratory",1,NA,NA
"Bio-Renewables Lab",1,NA,NA
"Bio-Renewables Laboratory",1,NA,NA
"Bird Manor Apartments",1,NA,NA
"Blankenburg Drive",1,NA,NA
"Bristol Drive and Stange Road",1,NA,NA
"BRUNER DR/STOTTS RD",1,NA,NA
"BUCHANAN HALL",1,NA,NA
"Campus",1,NA,NA
"Campustown",1,NA,NA
"Capp Tim Field",1,NA,NA
"CARVER HALL",1,NA,NA
"Center Drive and Lincoln Way",1,NA,NA
"Center Drive and University Avenue",1,NA,NA
"Center Street and University Boulevard",1,NA,NA
"Cessna Street and Country Club Boulevard",1,NA,NA
"CHAMBERLAIN ST/LYNN AVE",1,NA,NA
"CHAMBERLAIN ST/WELCH AVE",1,NA,NA
"Chamberlain Street and Knapp Avenue",1,NA,NA
"Chamblerlain Place and Chamberlain Street",1,NA,NA
"Chamblerlain Street and Lynn Avenue",1,NA,NA
"Chamerlain Street and Stanton Avenue",1,NA,NA
"Christensen Drive and South 16th Street",1,NA,NA
"Clark Avenue and Main Street",1,NA,NA
"College of Veterinary Medicine",1,NA,NA
"College Shop ISU Farms",1,NA,NA
"Colorado Avenue and Story Street",1,NA,NA
"Coral Drive and South Grand Avenue",1,NA,NA
"Country Club Boulevard and Gaskill Drive",1,NA,NA
"Coy Street and South Franklin Avenue",1,NA,NA
"CROSS COUNTRY COURSE",1,NA,NA
"Cy-ride bus",1,NA,NA
"Cyclone Sports Complex",1,NA,NA
"Cyclone Sports Softball Field",1,NA,NA
"Cyclone Sports Track",1,NA,NA
"CyRide",1,NA,NA
"Dairy Farm",1,NA,NA
"Dartmoor Road and State Avenue",1,NA,NA
"Davidson Hall",1,NA,NA
"Delaware Avenue and Dover Drive",1,NA,NA
"Delaware Avenue and Utah Drive",1,NA,NA
"Dickinson Apartments",1,NA,NA
"Dickinson Avenue and Twain Circle",1,NA,NA
"Dotson Drive and Dotson Place",1,NA,NA
"Dotson Drive and Harris Street",1,NA,NA
"Dotson Drive and Lincoln Way",1,NA,NA
"Dotson Drive and Marigold Drive",1,NA,NA
"E. 13th Street and Mc Cormick Avenue",1,NA,NA
"EAST CAMPUS PARKING DECK",1,NA,NA
"East Side Market",1,NA,NA
"East Side Market - MWL Commons",1,NA,NA
"East Side Market Place",1,NA,NA
"EH&S Services Building",1,NA,NA
"Elm Avenue and Lincoln Way",1,NA,NA
"ELM HALL",1,NA,NA
"Elm Street and Lincoln Way",1,NA,NA
"Enrollment services Center",1,NA,NA
"EQUINE FARM",1,NA,NA
"Farm House Lane and Osborn Drive",1,NA,NA
"Farm House Lane and Wallace Road",1,NA,NA
"Fire Services Training",1,NA,NA
"Fisher Theater",1,NA,NA
"Florida Avenue and Ontario Street",1,NA,NA
"Food Science",1,NA,NA
"Fountainview Apartments",1,NA,NA
"Frederiksen Court Community Center",1,NA,NA
"FREEMAN HALL",1,NA,NA
"Gable Lane",1,NA,NA
"Garfield Avenue and Ontario Street",1,NA,NA
"Garfield Avenue and Ross Road",1,NA,NA
"Gilchrist Street and Lincoln Way",1,NA,NA
"GILMAN HALL",1,NA,NA
"Greensboro Drive and Torrey Pines Road",1,NA,NA
"Haber Road",1,NA,NA
"HAMILTON HALL",1,NA,NA
"HANSEN AG STUDENT LEARNING CENTER",1,NA,NA
"Hartford Drive and Lincoln Way",1,NA,NA
"Haunted Forest Lot",1,NA,NA
"Hawthorne Drive",1,NA,NA
"HAYWARD AVE/HUNT ST",1,NA,NA
"HAYWARD AVE/KNAPP ST",1,NA,NA
"Hayward Avenue and Mortesen Road",1,NA,NA
"Heady Hall",1,NA,NA
"Heathrow Drive and Wessex Drive",1,NA,NA
"Hickory Drive and Westbrook Drive",1,NA,NA
"Highway 169 and 230th Street",1,NA,NA
"Highway 30 and Dayton Road",1,NA,NA
"Highway 30 and State Avenue",1,NA,NA
"Hixson Lied Center",1,NA,NA
"Horse Barn",1,NA,NA
"Horticulture Station",1,NA,NA
"Howard Avenue and West Street",1,NA,NA
"Howard Street and Lincoln Way",1,NA,NA
"HUNT ST/WELCH AVE",1,NA,NA
"Hunt Street and South Sheldon Street",1,NA,NA
"Hyand Avenue and West Street",1,NA,NA
"Hyland Avenue and Sheldon Avenue",1,NA,NA
"Hyland Avenue and Sheldon Street",1,NA,NA
"Industrial Education II",1,NA,NA
"Insectary",1,NA,NA
"Iowa Avenue and Ontario Street",1,NA,NA
"Iowa Circle and Ontario Street",1,NA,NA
"Ironwood Court and University Avenue",1,NA,NA
"ISU Arboretum",1,NA,NA
"ISU C Drive and University Boulevard",1,NA,NA
"ISU Campus",1,NA,NA
"ISU Cemetery",1,NA,NA
"ISU Cross Country Field",1,NA,NA
"ISU Dairy Farm",1,NA,NA
"ISU DAIRY FARM",1,NA,NA
"ISU FAMILY RESOURCE CENTER",1,NA,NA
"ISU Horse Barns",1,NA,NA
"Jacobson Athletic Building",1,NA,NA
"Kent Avenue and Northridge Parkway",1,NA,NA
"KILDEE HALL",1,NA,NA
"Kingsbury Ave",1,NA,NA
"Knapp Storms",1,NA,NA
"Knapp Storms Commons",1,NA,NA
"Knapp Street aqnd Welch Avenue",1,NA,NA
"Knapp-Storms Commons",1,NA,NA
"Knoll",1,NA,NA
"KNOLL",1,NA,NA
"Kooser Road",1,NA,NA
"LAKE LAVERNE",1,NA,NA
"Landscape Architecture",1,NA,NA
"Ledgestone Meadows Mobile Home Park",1,NA,NA
"Liberal Arts Road",1,NA,NA
"Lied Receration Center",1,NA,NA
"Lincoln Way and 230th Street",1,NA,NA
"Lincoln Way and Beach Avenue",1,NA,NA
"Lincoln Way and Camus Avenue",1,NA,NA
"Lincoln Way and McDonald Drive",1,NA,NA
"Lincoln Way and North Elm Avenue",1,NA,NA
"Lincoln Way and North Maple Avenue",1,NA,NA
"Lincoln Way and Riverside Drive",1,NA,NA
"Lincoln Way and South Hazel Avenue",1,NA,NA
"Lincoln Way and South Morrill Road",1,NA,NA
"Lincoln Way and South Oak Street",1,NA,NA
"Lincoln Way and South Riverside Avenue",1,NA,NA
"Lincoln Way and South Walnut Avenue",1,NA,NA
"Lincoln Way and Wilder Boulevard",1,NA,NA
"LINCOLN WAY/HARTFORD DR",1,NA,NA
"LINCOLN WAY/HOWARD AVE",1,NA,NA
"LINCOLN WAY/N UNIVERSITY BLVD",1,NA,NA
"LINCOLN WAY/S HYLAND AVE",1,NA,NA
"LINCOLN WAY/UNION DR",1,NA,NA
"LINCOLN WAY/WELCH RD",1,NA,NA
"Lincolnway and Lynn Avenue",1,NA,NA
"Linoln Way and Welch Avenue",1,NA,NA
"Lloyd Veternary Medical Center",1,NA,NA
"Log S6",1,NA,NA
"Long Road",1,NA,NA
"Lot 11",1,NA,NA
"Lot 111",1,NA,NA
"LOT 112B",1,NA,NA
"LOT 112G",1,NA,NA
"Lot 112K",1,NA,NA
"Lot 11E",1,NA,NA
"Lot 121",1,NA,NA
"LOT 121",1,NA,NA
"Lot 14A",1,NA,NA
"Lot 19",1,NA,NA
"LOT 19",1,NA,NA
"LOT 2",1,NA,NA
"Lot 201",1,NA,NA
"Lot 201D",1,NA,NA
"Lot 201M",1,NA,NA
"Lot 201N",1,NA,NA
"Lot 201P",1,NA,NA
"Lot 202",1,NA,NA
"Lot 202B",1,NA,NA
"Lot 202C",1,NA,NA
"Lot 27",1,NA,NA
"LOT 28",1,NA,NA
"Lot 33",1,NA,NA
"Lot 4",1,NA,NA
"LOT 41",1,NA,NA
"Lot 50A",1,NA,NA
"Lot 54A",1,NA,NA
"Lot 6",1,NA,NA
"Lot 62C",1,NA,NA
"LOT 63",1,NA,NA
"LOT 66",1,NA,NA
"Lot 74",1,NA,NA
"Lot 90",1,NA,NA
"Lot 97",1,NA,NA
"LOT A2",1,NA,NA
"Lot A2 and Center Drive",1,NA,NA
"Lot A4",1,NA,NA
"Lot B2",1,NA,NA
"LOT B3",1,NA,NA
"LOT B5",1,NA,NA
"LOT C1",1,NA,NA
"LOT C5",1,NA,NA
"LOT S8",1,NA,NA
"Lynn Avenue",1,NA,NA
"LYON HALL",1,NA,NA
"MAPLE HALL",1,NA,NA
"Maple Willow Larch Commons",1,NA,NA
"Maricopa Drive and Mayfield Drive",1,NA,NA
"Marshall Avenue and Story Street",1,NA,NA
"Marston Water Tower",1,NA,NA
"Martin hall",1,NA,NA
"Martson Water Tower",1,NA,NA
"Mary Greeley Medical Center",1,NA,NA
"Mayfield Drive",1,NA,NA
"McNab, Kyle",1,NA,NA
"MEMORIAL UNION PARKING RAMP",1,NA,NA
"Michigan Avenue and Ontario Street",1,NA,NA
"Minnesota Avenue and Ontario Street",1,NA,NA
"Morill Hall",1,NA,NA
"Morill Road and Union Drive",1,NA,NA
"MORRILL RD/LINCOLN WAY",1,NA,NA
"Morrill Road",1,NA,NA
"Morrill Road North and Pammel Drive",1,NA,NA
"MORTENSEN PKWY/WELCH RD",1,NA,NA
"MORTENSEN RD/STATE AVE",1,NA,NA
"Mortensen Road and Hayward Avenue",1,NA,NA
"Mortensen Road and Poe Avenue",1,NA,NA
"Mortensen Road and Welch Road",1,NA,NA
"Mortensn Road and State Avenue",1,NA,NA
"MWL Commons",1,NA,NA
"MWL Intramural Fields",1,NA,NA
"N UNIVERSITY BLVD/STANGE RD",1,NA,NA
"Near Lake LaVerne",1,NA,NA
"North Dakota Avenue and Ross Road",1,NA,NA
"North Dakota Avenue and Timber Ridge",1,NA,NA
"North Hazel Avenue and Lincoln Way",1,NA,NA
"North University Boulevard and Stange Road",1,NA,NA
"Northridge Lane and Northridge Parkway",1,NA,NA
"Northridge Parkway and stange Road",1,NA,NA
"Oak-Elm Residence Hall",1,NA,NA
"Oakland Street and Sheldon Avenue",1,NA,NA
"Oakwood Road and State Avenue",1,NA,NA
"Oakwood Road and University Boulevard",1,NA,NA
"Oakwood Road and Wessex Drive",1,NA,NA
"Off Campus",1,NA,NA
"Off-campus",1,NA,NA
"Off-Campus",1,NA,NA
"Old YMCA",1,NA,NA
"On campus - specific location unknown",1,NA,NA
"Ontario Street and Scholl Road",1,NA,NA
"Ontario Street and Woodstock Avenue",1,NA,NA
"OSBORN DR/BISSELL RD",1,NA,NA
"Osborn Drive and Stange Road",1,NA,NA
"Palmer Building",1,NA,NA
"Pammel Drive",1,NA,NA
"Pammel Woods",1,NA,NA
"PEARSON HALL",1,NA,NA
"Piccadilly Square and Clayton Drive",1,NA,NA
"Pierce Avenue and Pierce Circle",1,NA,NA
"Pinon Drive",1,NA,NA
"Plant Introduction Farm",1,NA,NA
"Poultry Science Farm",1,NA,NA
"RCA Intramural Fields",1,NA,NA
"Residence Hall - unknown (reported by CSA)",1,NA,NA
"ROBERTS HALL",1,NA,NA
"Ross Road and Wisconsin Avenue",1,NA,NA
"S HYLAND AVE/ARBOR ST",1,NA,NA
"S SHELDON AVE/ARBOR ST",1,NA,NA
"S. 16th Street and University Boulevard",1,NA,NA
"Schilletter University Community Center",1,NA,NA
"Science I Hall",1,NA,NA
"SE 2nd Street and South Duff Avenue",1,NA,NA
"Seed Science",1,NA,NA
"Sheldon Avenue",1,NA,NA
"Sheldon Avenue and South Hyland Avenue",1,NA,NA
"Small Animal Hospital",1,NA,NA
"South 16th and Christensen Drive",1,NA,NA
"South 16th Street and Creekside Drive",1,NA,NA
"South 16th Street and Mulberry Boulevard",1,NA,NA
"South 2nd Street and South Duff Avenue",1,NA,NA
"South 4th Street and Access to Ball Diamond",1,NA,NA
"South 4th Street and South Grand Avenue",1,NA,NA
"South Campus Storage Facility",1,NA,NA
"South Dakota Avenue and Zumwalt Station Road",1,NA,NA
"South Dayton Avenue and US Highway 30 Ramp",1,NA,NA
"South Duff Avenue",1,NA,NA
"South Grand Avenue and Wave Drive",1,NA,NA
"South Hazel Avenue and Lincoln Way",1,NA,NA
"South Hyland Avenue and Arbor Street",1,NA,NA
"South Hyland Avenue and Lincoln Way",1,NA,NA
"South Wilmoth Avenue and Tripp Street",1,NA,NA
"South Woodruff Farm",1,NA,NA
"Spangler Laboratory",1,NA,NA
"STANGE RD/BLANKENBURG DR",1,NA,NA
"STANGE RD/BRUNER DR",1,NA,NA
"STANGE RD/PAMMEL DR",1,NA,NA
"Stange Road and North University Boulevard",1,NA,NA
"Stange Road and Veenker Drive",1,NA,NA
"Stange Road and Yorkshire Street",1,NA,NA
"State Avenue",1,NA,NA
"STATE GYMNASIUM",1,NA,NA
"STORM ST/WELCH RD",1,NA,NA
"Story Street and Westwood Drive",1,NA,NA
"Student Affairs Road",1,NA,NA
"Sukup Basketball Complex",1,NA,NA
"SW Athletic Complex",1,NA,NA
"The Grove Apartments",1,NA,NA
"The Hub",1,NA,NA
"Tripp Street and South Wilmoth Avenue",1,NA,NA
"Tripp Street and Village Drive",1,NA,NA
"Union Drive and Welch Avenue",1,NA,NA
"University Avenue and Wallace Road",1,NA,NA
"University Boulevard and US Highway 30",1,NA,NA
"University Boulevard and US Hiway 30 Ramp",1,NA,NA
"University West",1,NA,NA
"University West Apartment",1,NA,NA
"US Highway 30",1,NA,NA
"US Highway 30 and 600th Avenue",1,NA,NA
"US Highway 30 West",1,NA,NA
"USDA Greenhouse",1,NA,NA
"UV Laundry",1,NA,NA
"VEENKER DRIVING RANGE SHED",1,NA,NA
"Veenker Maintenance Shed",1,NA,NA
"Veenker Performance Center",1,NA,NA
"Veenker Shelter",1,NA,NA
"VETERINARY MEDICINE",1,NA,NA
"VMRI",1,NA,NA
"Welch Avenue",1,NA,NA
"Welch Avenue and Storm Street",1,NA,NA
"Welch Crown Center",1,NA,NA
"West Street and Woodland Street",1,NA,NA
"Wilhelm Hall",1,NA,NA
"Woodland Street",1,NA,NA
"Zumwalt Station Farm",1,NA,NA
